-- ------------
-- TABLA DEPART
-- ------------

CREATE TABLE DEPART(
 dept_no  TINYINT(2) NOT NULL,
 dnombre  VARCHAR(15), 
 loc      VARCHAR(15)
);

INSERT INTO DEPART VALUES (10,'CONTABILIDAD','SEVILLA');
INSERT INTO DEPART VALUES (20,'INVESTIGACION','MADRID');
INSERT INTO DEPART VALUES (30,'VENTAS','BARCELONA');
INSERT INTO DEPART VALUES (40,'PRODUCCION','BILBAO');
COMMIT;

-- -----------
-- TABLA EMPLE
-- -----------

CREATE TABLE EMPLE(
 emp_no    SMALLINT(4) UNSIGNED NOT NULL,
 apellido  VARCHAR(10),
 oficio    VARCHAR(10),
 dir       SMALLINT,
 fecha_alt DATE      ,
 salario   FLOAT(6,2),
 comision  FLOAT(6,2),
 dept_no   TINYINT(2) NOT NULL
);

INSERT INTO EMPLE VALUES (7369,'SANCHEZ','EMPLEADO',7902,'1990/12/17',1040,NULL,20);
INSERT INTO EMPLE VALUES (7499,'ARROYO','VENDEDOR',7698,'1990/02/20',1500,390,30);
INSERT INTO EMPLE VALUES (7521,'SALA','VENDEDOR',7698,'1991/02/22',1625,650,30);
INSERT INTO EMPLE VALUES (7566,'JIMENEZ','DIRECTOR',7839,'1991/04/02',2900,NULL,20);
INSERT INTO EMPLE VALUES (7654,'MARTIN','VENDEDOR',7698,'1991/09/29',1600,1020,30);
INSERT INTO EMPLE VALUES (7698,'NEGRO','DIRECTOR',7839,'1991/05/01',3005,NULL,30);
INSERT INTO EMPLE VALUES (7782,'CEREZO','DIRECTOR',7839,'1991/06/09',2885,NULL,10);
INSERT INTO EMPLE VALUES (7788,'GIL','ANALISTA',7566,'1991/11/09',3000,NULL,20);
INSERT INTO EMPLE VALUES (7839,'REY','PRESIDENTE',NULL,'1991/11/17',4100,NULL,10);
INSERT INTO EMPLE VALUES (7844,'TOVAR','VENDEDOR',7698,'1991/09/08',1350,0,30);
INSERT INTO EMPLE VALUES (7876,'ALONSO','EMPLEADO',7788,'1991/09/23',1430,NULL,20);
INSERT INTO EMPLE VALUES (7900,'JIMENO','EMPLEADO',7698,'1991/12/03',1335,NULL,30);
INSERT INTO EMPLE VALUES (7902,'FERNANDEZ','ANALISTA',7566,'1991/12/03',3000,NULL,20);
INSERT INTO EMPLE VALUES (7934,'MUÑOZ','EMPLEADO',7782,'1992/01/23',1690,NULL,10);

COMMIT;




-- ---------------
-- TABLA ALUM0405
-- ---------------


CREATE TABLE ALUM0405
(
  dni	        VARCHAR(10),
  nombre	VARCHAR(15),
  apellidos	VARCHAR(20),
  fecha_nac	DATE,
  direccion	VARCHAR(20),
  poblacion	VARCHAR(20),
  provincia	VARCHAR(20),
  curso	        INT(2),
  nivel	        VARCHAR(3),
  clase	        CHAR(1),
  faltas1	INT(2),
  faltas2	INT(2),
  faltas3	INT(2)
 ) ;

INSERT INTO ALUM0405 VALUES('123456789','Juan', 'Cabello Panzano', '1990-08-16',
 'C/Flix Fernndez 12','BERROCALEJO', 'CACERES', 3, 'ESO', 'A', 0,0,0 );

INSERT INTO ALUM0405 VALUES('123456788','Julia', 'Cabello Panzano', '1990-08-16',
 'C/Flix Fernndez 12','BERROCALEJO', 'CACERES', 3, 'ESO', 'A', 4,0,2 );

INSERT INTO ALUM0405 VALUES('123456787','María', 'Martín Pérez', '1989-12-16',
 'C/Doctor Vazquez 33','GUADALAJARA', 'GUADALAJARA', 4, 'ESO', 'B', 1,0,0 );

INSERT INTO ALUM0405 VALUES('123456786','Manuel', 'Gómez Pérez', '1988-07-06',
 'C/Segovia 23','MARCHAMALO', 'GUADALAJARA', 1, 'ESI', 'A', NULL,0,0 );

INSERT INTO ALUM0405 VALUES('123456780','Miguel', 'Fernández Gil', '1988-03-11',
 'C/Las Caas 7B','YUNQUERA', 'GUADALAJARA', 1, 'ESI', 'A', 3,0,0 );

INSERT INTO ALUM0405 VALUES('123456700','Esther', 'Ala Ramos', NULL,
 'C/Piln 10','YUNQUERA', 'GUADALAJARA', 2, 'ESI', 'A', 3,7,2 );



-- --------------------
-- TABLA NOTAS_ALUMNOS
-- --------------------

CREATE TABLE NOTAS_ALUMNOS
 (
   nombre_alumno VARCHAR(25) NOT NULL ,
   nota1 TINYINT(2),
   nota2 TINYINT(2),
   nota3 TINYINT(2),
   asignatura VARCHAR(25),
   curso VARCHAR(4)
 ) ;
 
INSERT INTO NOTAS_ALUMNOS VALUES ('Alcalde García, M. Luisa',5,5,5,'MATEMATICAS','4ESO');
INSERT INTO NOTAS_ALUMNOS VALUES ('Benito Martín, Luis',7,6,8, 'MATEMATICAS','3ESO');
INSERT INTO NOTAS_ALUMNOS VALUES ('Casas Martínez, Manuel',7,5,5,'LENGUA','4ESO');
INSERT INTO NOTAS_ALUMNOS VALUES ('Corregidor Sánchez, Ana',6,9,8,'LENGUA','3ESO');
INSERT INTO NOTAS_ALUMNOS VALUES ('Díaz Sánchez, María',NULL,NULL,7, 'LENGUA','4ESO');

COMMIT;



-- ------------------------------------------------
--  LIBRERIA  -----------
-- ------------------------------------------------

CREATE TABLE LIBRERIA
 (
  tema VARCHAR(15) NOT NULL ,
  estante CHAR(1),
  ejemplares TINYINT(2)
 ) ;

INSERT INTO LIBRERIA VALUES ('INFORMATICA', 'A',15);
INSERT INTO LIBRERIA VALUES ('ECONOMIA',    'A',10);
INSERT INTO LIBRERIA VALUES ('DEPORTES',    'B',8);
INSERT INTO LIBRERIA VALUES ('FILOSOFIA',   'C',7);
INSERT INTO LIBRERIA VALUES ('DIBUJO',      'C',10);
INSERT INTO LIBRERIA VALUES ('MEDICINA',    'C',16);
INSERT INTO LIBRERIA VALUES ('BIOLOGIA',    'A',11);
INSERT INTO LIBRERIA VALUES ('GEOLOGIA',    'D',7);
INSERT INTO LIBRERIA VALUES ('SOCIEDAD',    'D',9);
INSERT INTO LIBRERIA VALUES ('LABORES',     'B',20);
INSERT INTO LIBRERIA VALUES ('JARDINERIA',    'E',6);
COMMIT;


-- ------------------------------------------------
--  TABLAS ALUMNOS, ASIGNATURAS, NOTAS  -----------
-- ------------------------------------------------


CREATE TABLE alumnos
(
  nif    VARCHAR(10) NOT NULL,
  apenom VARCHAR(30),
  direc  VARCHAR(30),
  pobla  VARCHAR(15),
  telef  VARCHAR(10)  
) ;

CREATE TABLE asignaturas
(
  cod    TINYINT UNSIGNED NOT NULL,
  nombre VARCHAR(25)
) ;


CREATE TABLE notas
(
  nif  VARCHAR(10) NOT NULL,
  cod  TINYINT UNSIGNED NOT NULL,
  nota FLOAT(3,1)
);

INSERT INTO asignaturas VALUES (1,'Prog. Leng. Estr.');
INSERT INTO asignaturas VALUES (2,'Sist. Informáticos');
INSERT INTO asignaturas VALUES (3,'Anlisis');
INSERT INTO asignaturas VALUES (4,'FOL');
INSERT INTO asignaturas VALUES (5,'RET');
INSERT INTO asignaturas VALUES (6,'Entornos Gráficos');
INSERT INTO asignaturas VALUES (7,'Aplic. Entornos 4Gen');
INSERT INTO asignaturas VALUES (8,'Idioma');


INSERT INTO alumnos VALUES
('12344345','Alcalde García, Elena', 'C/Las Matas, 24','Madrid','917766545');

INSERT INTO alumnos VALUES
('4448242','Cerrato Vela, Luis', 'C/Mina 28 - 3A', 'Madrid','916566545');

INSERT INTO alumnos VALUES
('56882942','Díaz Fernández, María', 'C/Luis Vives 25', 'Móstoles','915577545');

INSERT INTO notas VALUES('12344345', 1,6);
INSERT INTO notas VALUES('12344345', 2,5);
INSERT INTO notas VALUES('12344345', 3,6);

INSERT INTO notas VALUES('4448242', 4,6);
INSERT INTO notas VALUES('4448242', 5,8);
INSERT INTO notas VALUES('4448242', 6,4);
INSERT INTO notas VALUES('4448242', 7,5);

INSERT INTO notas VALUES('56882942', 4,8);
INSERT INTO notas VALUES('56882942', 5,7);
INSERT INTO notas VALUES('56882942', 6,8);
INSERT INTO notas VALUES('56882942', 7,9);

COMMIT;


-- ******** FIN ***********************